Metric,Value
Expected Annual Return,0.1464382702596052
Annual Volatility,0.21171607139639445
VaR (95%),81.58451547930764
